dem14,95
eer7,95
lim6,70
wam4,95
njz1,95
ll110,100
jal30,100
ag188,95
dvs1,95
ew67,100
ajd18,100
kkp5,100
st107,95
rs150,95
rek6,95
ahc12,100
aa150,95
br52,95
eid2,95
ara10,95
mt123,100
am307,100
adg10,95
agt8,50
hw81,95
jh215,95
caa12,95
sd152,95
spv3,95
ahv5,95
nl58,95
jc270,95
ja110,95
yz236,95
drm15,100
mv57,95
is38,95
mg188,95
tcb10,95
mlw10,95
mkm10,95
ia22,10
dk66,95
rg100,95
ma185,95
zl116,95
hg60,95
eec6,95
ac188,100
jc165,95
cn32,100
vl22,95
am315,95
nwc1,95
vw12,95
dq7,100
tde2,95
ll103,95
nr58,95
alf15,10
akr6,95
wzh1,100
rs182,95
jmj11,100
ssv5,95
tm100,100
pzz1,95
wb20,100
at105,70
ngc5,95
reg12,95
apb7,95
aa258,95
yx76,95
cw161,100
bs82,100
jn62,95
yl233,95
tmb15,95
sl149,100
jj85,100
th70,95
ad166,95
daj11,95
sp180,100
agn6,95
jl363,100
csp8,95
bw52,95
ab235,100
zas5,95
pp31,95
gec7,95
emm20,95
jt83,95
acs22,95
es100,95
vtn6,95
aj106,95
qz51,95
cf57,100
tmc15,100
jwl10,95
ss356,100
ll151,100
aaa38,95
hd58,85
art11,100
vsg2,95
nam12,100
jl561,95
bl77,95
dhk3,95
yr23,95
jt81,95
etb5,100
mz70,95
yk72,95
kda5,95
amw21,95
rb160,95
mhl10,100
acy3,95
wv5,100
mb156,35
ha30,35
acl18,100
pml5,95
aa255,95
ls151,95
kn33,35
ntq1,100
ed56,95
ck62,100
xs28,100
ah108,95
sd122,95
ask20,95
ldn1,95
jl370,95
db71,100
kn36,95
ab223,95
zp12,35
sv65,95
nt30,100
gjn1,100
mff1,95
vjb5,95
ra80,100
js323,100
abs15,100
ew66,95
hk63,95
ad163,95
ral18,95
mas52,95
atb6,95
qd8,95
gl34,100
tjl5,95
nl61,95
dr56,95
os25,100
aa270,95
sw122,95
ap163,100
mdo5,100
icw3,95
vw11,100
yz186,95
hs102,95
alc,100
sx25,95
yt52,95
rc115,95
pm58,95
mg181,95
tx10,60
cah20,95
jsp12,95
cz68,100
ckp2,95
rr82,95
